<?xml version="1.0" encoding="UTF-8"?>
<Configuration status="WARN">
  <Appenders>
    <Console name="Console" target="SYSTEM_OUT">
      <PatternLayout pattern="%d{HH:mm:ss.SSS} [%t] %-5level %logger{36} - %msg%n"/>
    </Console>
    <File name="logFile" filename="logs/cfg-rd.log" immediateFlush="true">
      <PatternLayout pattern="%d{HH:mm:ss.SSS} [%t] %-5level %logger{36} - %msg%n"/>
    </File>
  </Appenders>
  <Loggers>
    <Root level="debug">
      <!-- <AppenderRef ref="Console"/> -->
      <AppenderRef ref="logFile"/>
    </Root>
  </Loggers>
</Configuration>
